mod_id,timestamp,subscribers
3596640733,2025-11-01 16:49:00,565
3596640733,2025-11-01 16:55:00,567
3596640733,2025-11-01 17:10:00,567
3597297032,2025-11-01 17:18:00,7
3596640733,2025-11-01 17:20:00,570
3596640733,2025-11-01 17:30:00,575
3597297032,2025-11-01 17:38:00,28
3596640733,2025-11-01 17:40:00,581
3597297032,2025-11-01 17:48:00,33
3596640733,2025-11-01 17:50:00,583
3597297032,2025-11-01 17:58:00,44
3596640733,2025-11-01 18:00:00,587
3597297032,2025-11-01 18:08:00,57
3596640733,2025-11-01 18:10:00,594
3597297032,2025-11-01 18:18:00,67
3596640733,2025-11-01 18:20:00,599
3597297032,2025-11-01 18:28:00,79
3596640733,2025-11-01 18:30:00,603
3597297032,2025-11-01 18:38:00,83
3597297032,2025-11-01 18:48:00,88
3596640733,2025-11-01 18:50:00,617
3597297032,2025-11-01 18:58:00,96
3596640733,2025-11-01 19:00:00,627
3597297032,2025-11-01 19:08:00,106
3596640733,2025-11-01 19:10:00,633
3597297032,2025-11-01 19:18:00,113
3597297032,2025-11-01 19:30:00,130
3597297032,2025-11-01 19:31:00,130
3597297032,2025-11-01 19:34:00,133
3596640733,2025-11-01 19:35:00,653
3597297032,2025-11-01 19:44:00,144
3596640733,2025-11-01 19:45:00,658
3597297032,2025-11-01 19:54:00,151
3596640733,2025-11-01 19:55:00,665
3597297032,2025-11-01 20:04:00,160
3596640733,2025-11-01 20:06:00,667
3597297032,2025-11-01 20:14:00,161
3596640733,2025-11-01 20:16:00,671
3596640733,2025-11-01 20:18:00,673
3597297032,2025-11-01 20:19:00,167
3596640733,2025-11-01 20:28:00,683
3597297032,2025-11-01 20:29:00,179
3596640733,2025-11-01 20:38:00,692
3596640733,2025-11-01 20:49:00,696
3597297032,2025-11-01 20:51:00,194
3596640733,2025-11-01 20:51:00,699
3596640733,2025-11-01 20:54:02,699
3597297032,2025-11-01 20:54:14,194
3596640733,2025-11-01 21:04:02,707
3597297032,2025-11-01 21:04:17,208
3596640733,2025-11-01 21:14:04,720
3597297032,2025-11-01 21:14:17,213
3596640733,2025-11-01 21:24:04,726
3597297032,2025-11-01 21:24:18,216
3596640733,2025-11-01 21:34:05,734
3597297032,2025-11-01 21:34:19,222
3596640733,2025-11-01 21:44:07,741
3597297032,2025-11-01 21:44:20,231
3596640733,2025-11-01 21:54:08,750
3597297032,2025-11-01 21:54:21,241
3596640733,2025-11-01 22:04:09,754
3597297032,2025-11-01 22:04:22,251
3596640733,2025-11-01 22:14:15,762
3597297032,2025-11-01 22:14:25,255
3596640733,2025-11-01 22:24:15,769
3597297032,2025-11-01 22:24:26,257
3596640733,2025-11-01 22:34:16,772
3597297032,2025-11-01 22:34:27,263
3596640733,2025-11-01 22:44:17,779
3597297032,2025-11-01 22:44:28,269
3596640733,2025-11-01 22:54:18,786
3597297032,2025-11-01 22:54:29,271
3596640733,2025-11-01 23:04:24,793
3597297032,2025-11-01 23:04:31,274
3596640733,2025-11-01 23:14:25,794
3597297032,2025-11-01 23:14:32,277
3596640733,2025-11-01 23:24:26,802
3597297032,2025-11-01 23:24:38,283
3596640733,2025-11-01 23:34:32,807
3597297032,2025-11-01 23:34:39,286
3596640733,2025-11-01 23:44:38,821
3597297032,2025-11-01 23:44:42,293
3596640733,2025-11-01 23:54:39,830
3597297032,2025-11-01 23:54:44,304
3597297032,2025-11-02 00:04:45,308
3597297032,2025-11-02 00:14:47,308
3596640733,2025-11-02 00:15:15,840
3596640733,2025-11-02 00:25:21,846
3597297032,2025-11-02 00:34:53,312
3596640733,2025-11-02 00:35:22,851
3597297032,2025-11-02 00:44:53,312
3596640733,2025-11-02 00:45:23,856
3597297032,2025-11-02 00:54:55,312
3596640733,2025-11-02 00:55:24,862
3597297032,2025-11-02 01:04:56,317
3596640733,2025-11-02 01:05:25,864
3597297032,2025-11-02 01:14:57,317
3596640733,2025-11-02 01:15:26,868
3597297032,2025-11-02 01:24:58,321
3596640733,2025-11-02 01:25:27,871
3597297032,2025-11-02 01:34:59,322
3596640733,2025-11-02 01:35:28,872
3597297032,2025-11-02 01:45:00,324
3596640733,2025-11-02 01:45:29,876
3597297032,2025-11-02 01:55:01,326
3596640733,2025-11-02 01:55:30,879
3597297032,2025-11-02 02:05:03,329
3596640733,2025-11-02 02:05:32,884
3597297032,2025-11-02 02:15:04,334
3596640733,2025-11-02 02:15:33,889
3597297032,2025-11-02 02:25:05,335
3596640733,2025-11-02 02:25:35,893
3597297032,2025-11-02 02:35:06,337
3596640733,2025-11-02 02:35:36,895
3597297032,2025-11-02 02:45:07,338
3596640733,2025-11-02 02:45:37,894
3597297032,2025-11-02 02:55:09,339
3596640733,2025-11-02 02:55:38,893
3597297032,2025-11-02 03:05:09,342
3596640733,2025-11-02 03:05:40,895
3597297032,2025-11-02 03:15:11,343
3596640733,2025-11-02 03:15:41,896
3597297032,2025-11-02 03:25:12,345
3596640733,2025-11-02 03:25:42,897
3597297032,2025-11-02 03:35:13,348
3596640733,2025-11-02 03:35:43,897
3597297032,2025-11-02 03:45:14,350
3596640733,2025-11-02 03:45:44,898
3597297032,2025-11-02 03:55:15,351
3596640733,2025-11-02 03:55:45,898
3597297032,2025-11-02 04:05:16,355
3596640733,2025-11-02 04:05:46,900
3597297032,2025-11-02 04:15:17,354
3596640733,2025-11-02 04:15:47,901
3597297032,2025-11-02 04:25:18,356
3596640733,2025-11-02 04:25:48,902
3597297032,2025-11-02 04:35:19,357
3596640733,2025-11-02 04:35:49,902
3597297032,2025-11-02 04:45:20,357
3596640733,2025-11-02 04:45:50,903
3597297032,2025-11-02 04:55:21,360
3596640733,2025-11-02 04:55:51,906
3597297032,2025-11-02 05:05:22,360
3596640733,2025-11-02 05:05:52,910
3597297032,2025-11-02 05:15:23,360
3596640733,2025-11-02 05:15:53,912
3597297032,2025-11-02 05:25:24,360
3596640733,2025-11-02 05:25:54,913
3597297032,2025-11-02 05:35:25,361
3596640733,2025-11-02 05:35:55,914
3597297032,2025-11-02 05:45:26,361
3596640733,2025-11-02 05:45:56,915
3597297032,2025-11-02 05:55:27,361
3596640733,2025-11-02 05:55:57,915
3597297032,2025-11-02 06:05:28,361
3596640733,2025-11-02 06:05:58,916
3597297032,2025-11-02 06:15:29,362
3596640733,2025-11-02 06:15:59,916
3597297032,2025-11-02 06:25:31,363
3596640733,2025-11-02 06:26:00,916
3597297032,2025-11-02 06:35:33,363
3596640733,2025-11-02 06:36:01,916
3597297032,2025-11-02 06:45:34,363
3596640733,2025-11-02 06:46:02,916
3597297032,2025-11-02 06:55:35,364
3596640733,2025-11-02 06:56:03,919
3597297032,2025-11-02 07:05:36,366
3596640733,2025-11-02 07:06:05,919
3597297032,2025-11-02 07:15:37,366
3596640733,2025-11-02 07:16:06,918
3597297032,2025-11-02 07:25:38,369
3596640733,2025-11-02 07:26:07,918
3597297032,2025-11-02 07:35:39,369
3596640733,2025-11-02 07:36:08,919
3597297032,2025-11-02 07:45:40,370
3596640733,2025-11-02 07:46:09,920
3597297032,2025-11-02 07:55:41,371
3596640733,2025-11-02 07:56:10,920
3597297032,2025-11-02 08:05:42,374
3596640733,2025-11-02 08:06:12,920
3597297032,2025-11-02 08:15:43,374
3596640733,2025-11-02 08:16:13,920
3597297032,2025-11-02 08:25:44,379
3596640733,2025-11-02 08:26:14,923
3597297032,2025-11-02 08:35:45,380
3596640733,2025-11-02 08:36:16,925
3597297032,2025-11-02 08:45:46,380
3596640733,2025-11-02 08:46:17,930
3597297032,2025-11-02 08:55:47,380
3596640733,2025-11-02 08:56:18,931
3597297032,2025-11-02 09:05:48,381
3596640733,2025-11-02 09:06:19,932
3597297032,2025-11-02 09:15:50,382
3596640733,2025-11-02 09:16:20,934
3597297032,2025-11-02 09:25:51,387
3596640733,2025-11-02 09:26:21,937
3597297032,2025-11-02 09:35:52,391
3596640733,2025-11-02 09:36:22,940
3597297032,2025-11-02 09:45:53,393
3596640733,2025-11-02 09:46:23,941
3597297032,2025-11-02 09:55:54,394
3596640733,2025-11-02 09:56:25,943
3597297032,2025-11-02 10:05:55,396
3596640733,2025-11-02 10:06:26,944
3597297032,2025-11-02 10:15:56,398
3596640733,2025-11-02 10:16:27,949
3597297032,2025-11-02 10:25:57,401
3596640733,2025-11-02 10:26:29,955
3597297032,2025-11-02 10:35:58,404
3596640733,2025-11-02 10:36:30,957
3597297032,2025-11-02 10:45:59,411
3596640733,2025-11-02 10:46:31,961
3597297032,2025-11-02 10:56:00,410
3596640733,2025-11-02 10:56:32,965
3597297032,2025-11-02 11:06:01,415
3596640733,2025-11-02 11:06:33,976
3597297032,2025-11-02 11:16:02,418
3596640733,2025-11-02 11:16:34,984
3597297032,2025-11-02 11:26:03,420
3596640733,2025-11-02 11:26:36,985
3597297032,2025-11-02 11:36:04,427
3596640733,2025-11-02 11:36:37,991
3597297032,2025-11-02 11:46:05,428
3596640733,2025-11-02 11:46:39,997
3597297032,2025-11-02 11:56:07,431
3596640733,2025-11-02 11:56:40,1006
3597297032,2025-11-02 12:06:08,435
3596640733,2025-11-02 12:06:42,1011
3597297032,2025-11-02 12:16:09,436
3596640733,2025-11-02 12:16:43,1017
3597297032,2025-11-02 12:26:11,438
3596640733,2025-11-02 12:26:44,1019
3597297032,2025-11-02 12:36:13,440
3596640733,2025-11-02 12:36:45,1024
3597297032,2025-11-02 12:46:14,442
3596640733,2025-11-02 12:46:46,1032
3597297032,2025-11-02 12:56:15,447
3596640733,2025-11-02 12:56:48,1036
3597297032,2025-11-02 13:06:18,450
3596640733,2025-11-02 13:06:49,1039
3597297032,2025-11-02 13:16:20,454
3596640733,2025-11-02 13:16:50,1045
3597297032,2025-11-02 13:26:21,456
3596640733,2025-11-02 13:26:51,1050
3597297032,2025-11-02 13:36:22,460
3596640733,2025-11-02 13:36:52,1058
3597297032,2025-11-02 13:46:23,462
3596640733,2025-11-02 13:46:54,1066
3597297032,2025-11-02 13:56:24,466
3596640733,2025-11-02 13:56:55,1069
3597297032,2025-11-02 14:06:25,470
3596640733,2025-11-02 14:06:56,1073
3597297032,2025-11-02 14:16:26,475
3596640733,2025-11-02 14:16:57,1086
3597297032,2025-11-02 14:26:27,481
3596640733,2025-11-02 14:26:59,1091
3597297032,2025-11-02 14:36:29,490
3596640733,2025-11-02 14:37:00,1100
3597297032,2025-11-02 14:46:31,495
3596640733,2025-11-02 14:47:01,1101
3597297032,2025-11-02 14:56:31,497
3596640733,2025-11-02 14:57:02,1105
3597297032,2025-11-02 15:06:32,501
3596640733,2025-11-02 15:07:03,1114
3597297032,2025-11-02 15:16:33,507
3596640733,2025-11-02 15:17:05,1126
3597297032,2025-11-02 15:26:34,509
3596640733,2025-11-02 15:27:06,1129
3597297032,2025-11-02 15:36:35,507
3596640733,2025-11-02 15:37:07,1134
3597297032,2025-11-02 15:46:36,510
3596640733,2025-11-02 15:47:09,1143
3597297032,2025-11-02 15:56:37,516
3596640733,2025-11-02 15:57:09,1148
3597297032,2025-11-02 16:06:38,519
3596640733,2025-11-02 16:07:11,1156
3597297032,2025-11-02 16:16:39,524
3596640733,2025-11-02 16:17:12,1165
3597297032,2025-11-02 16:26:40,525
3596640733,2025-11-02 16:27:13,1174
3597297032,2025-11-02 16:36:41,525
3596640733,2025-11-02 16:37:14,1181
3597297032,2025-11-02 16:46:42,529
3596640733,2025-11-02 16:47:16,1187
3597297032,2025-11-02 16:56:43,531
3596640733,2025-11-02 16:57:17,1190
3597297032,2025-11-02 17:06:45,534
3596640733,2025-11-02 17:07:18,1199
3597297032,2025-11-02 17:16:46,536
3596640733,2025-11-02 17:17:19,1209
3597297032,2025-11-02 17:26:47,538
3596640733,2025-11-02 17:27:20,1223
3597297032,2025-11-02 17:36:48,540
3596640733,2025-11-02 17:37:22,1229
3597297032,2025-11-02 17:46:49,543
3596640733,2025-11-02 17:47:23,1239
3597297032,2025-11-02 17:56:50,544
3596640733,2025-11-02 17:57:25,1252
3597297032,2025-11-02 18:06:51,546
3596640733,2025-11-02 18:07:26,1256
3597297032,2025-11-02 18:16:51,548
3596640733,2025-11-02 18:17:27,1264
3597297032,2025-11-02 18:26:52,552
3596640733,2025-11-02 18:27:28,1273
3597297032,2025-11-02 18:36:53,552
3596640733,2025-11-02 18:37:30,1277
3597297032,2025-11-02 18:46:54,558
3596640733,2025-11-02 18:47:31,1284
3597297032,2025-11-02 18:56:55,565
3596640733,2025-11-02 18:57:32,1292
3597297032,2025-11-02 19:06:56,566
3596640733,2025-11-02 19:07:33,1299
3597297032,2025-11-02 19:16:57,570
3596640733,2025-11-02 19:17:34,1305
3597297032,2025-11-02 19:26:58,573
3596640733,2025-11-02 19:27:35,1312
3597297032,2025-11-02 19:36:59,576
3596640733,2025-11-02 19:37:36,1320
3597297032,2025-11-02 19:47:01,584
3596640733,2025-11-02 19:47:37,1325
3597297032,2025-11-02 19:57:02,585
3596640733,2025-11-02 19:57:39,1325
3597297032,2025-11-02 20:07:04,588
3596640733,2025-11-02 20:07:42,1336
3597297032,2025-11-02 20:17:05,593
3596640733,2025-11-02 20:17:43,1351
3597297032,2025-11-02 20:27:07,597
3596640733,2025-11-02 20:27:44,1358
3597297032,2025-11-02 20:37:09,605
3596640733,2025-11-02 20:37:46,1369
3597297032,2025-11-02 20:47:13,614
3596640733,2025-11-02 20:47:47,1375
3597297032,2025-11-02 20:57:14,616
3596640733,2025-11-02 20:57:49,1387
3597297032,2025-11-02 21:07:20,619
3596640733,2025-11-02 21:07:51,1391
3597297032,2025-11-02 21:17:23,628
3596640733,2025-11-02 21:17:53,1400
3597297032,2025-11-02 21:27:25,629
3596640733,2025-11-02 21:27:56,1407
3597297032,2025-11-02 21:37:27,633
3596640733,2025-11-02 21:38:01,1413
3597297032,2025-11-02 21:51:59,638
3596640733,2025-11-02 21:52:33,1429
3597297032,2025-11-02 22:02:02,646
3596640733,2025-11-02 22:02:35,1436
3596640733,2025-11-02 22:11:28,1444
3597297032,2025-11-02 22:11:40,653
3596640733,2025-11-02 22:21:30,1452
3597297032,2025-11-02 22:21:43,662
3596640733,2025-11-02 22:31:33,1462
3597297032,2025-11-02 22:31:44,668
3596640733,2025-11-02 22:41:35,1469
3597297032,2025-11-02 22:41:45,673
3596640733,2025-11-02 22:51:36,1473
3597297032,2025-11-02 22:52:01,674
3596640733,2025-11-02 23:01:38,1485
3597297032,2025-11-02 23:02:03,675
3596640733,2025-11-02 23:11:40,1493
3597297032,2025-11-02 23:12:05,677
3596640733,2025-11-02 23:21:42,1500
3597297032,2025-11-02 23:22:10,678
3596640733,2025-11-02 23:31:42,1506
3597297032,2025-11-02 23:32:11,684
3596640733,2025-11-02 23:41:43,1512
3597297032,2025-11-02 23:42:12,686
3596640733,2025-11-02 23:51:45,1514
3597297032,2025-11-02 23:52:13,689
3596640733,2025-11-03 00:01:47,1519
3597297032,2025-11-03 00:02:20,690
3596640733,2025-11-03 00:11:50,1521
3597297032,2025-11-03 00:12:23,693
3596640733,2025-11-03 00:21:51,1525
3597297032,2025-11-03 00:22:25,694
3596640733,2025-11-03 00:31:53,1529
3597297032,2025-11-03 00:32:30,696
3596640733,2025-11-03 00:41:55,1533
3597297032,2025-11-03 00:42:31,697
3596640733,2025-11-03 00:51:56,1536
3597297032,2025-11-03 00:52:32,701
3596640733,2025-11-03 01:01:56,1539
3597297032,2025-11-03 01:02:33,703
3596640733,2025-11-03 01:11:57,1541
3597297032,2025-11-03 01:12:34,704
3596640733,2025-11-03 01:21:58,1543
3597297032,2025-11-03 01:22:36,706
3596640733,2025-11-03 01:32:00,1546
3597297032,2025-11-03 01:32:37,708
3596640733,2025-11-03 01:42:01,1548
3597297032,2025-11-03 01:42:38,709
3596640733,2025-11-03 01:52:01,1550
3597297032,2025-11-03 01:52:39,712
3596640733,2025-11-03 02:02:02,1553
3597297032,2025-11-03 02:02:40,715
3596640733,2025-11-03 02:12:03,1553
3597297032,2025-11-03 02:12:41,718
3596640733,2025-11-03 02:22:04,1554
3597297032,2025-11-03 02:22:41,718
3596640733,2025-11-03 02:32:05,1559
3597297032,2025-11-03 02:32:43,723
3596640733,2025-11-03 02:42:07,1562
3597297032,2025-11-03 02:42:44,726
3596640733,2025-11-03 02:52:08,1563
3597297032,2025-11-03 02:52:45,728
3596640733,2025-11-03 03:02:09,1565
3597297032,2025-11-03 03:02:45,729
3596640733,2025-11-03 03:12:09,1566
3597297032,2025-11-03 03:12:46,732
3596640733,2025-11-03 03:22:10,1566
3597297032,2025-11-03 03:22:47,731
3596640733,2025-11-03 03:32:11,1566
3597297032,2025-11-03 03:32:47,731
3596640733,2025-11-03 03:42:11,1570
3597297032,2025-11-03 03:42:48,733
3596640733,2025-11-03 03:52:12,1571
3597297032,2025-11-03 03:52:49,733
3596640733,2025-11-03 04:02:13,1571
3597297032,2025-11-03 04:02:50,733
3596640733,2025-11-03 04:12:14,1571
3597297032,2025-11-03 04:12:51,733
3596640733,2025-11-03 04:22:14,1573
3597297032,2025-11-03 04:22:51,734
3596640733,2025-11-03 04:32:15,1572
3597297032,2025-11-03 04:32:52,734
3596640733,2025-11-03 04:42:16,1573
3597297032,2025-11-03 04:42:53,736
3596640733,2025-11-03 04:52:17,1575
3597297032,2025-11-03 04:52:54,737
3596640733,2025-11-03 05:02:17,1575
3597297032,2025-11-03 05:02:54,737
3596640733,2025-11-03 05:12:18,1576
3597297032,2025-11-03 05:12:55,736
3596640733,2025-11-03 05:22:19,1577
3597297032,2025-11-03 05:22:56,736
3596640733,2025-11-03 05:32:20,1577
3597297032,2025-11-03 05:32:56,737
3596640733,2025-11-03 05:42:20,1577
3597297032,2025-11-03 05:42:57,737
3596640733,2025-11-03 05:52:21,1577
3597297032,2025-11-03 05:52:58,737
3596640733,2025-11-03 06:02:22,1577
3597297032,2025-11-03 06:02:58,737
3596640733,2025-11-03 06:12:23,1578
3597297032,2025-11-03 06:12:59,738
3596640733,2025-11-03 06:22:24,1579
3597297032,2025-11-03 06:23:00,740
3596640733,2025-11-03 06:32:24,1579
3597297032,2025-11-03 06:33:01,742
3596640733,2025-11-03 06:42:25,1579
3597297032,2025-11-03 06:43:02,744
3596640733,2025-11-03 06:52:26,1579
3597297032,2025-11-03 06:53:03,745
3596640733,2025-11-03 07:02:27,1579
3597297032,2025-11-03 07:03:04,745
3596640733,2025-11-03 07:12:28,1582
3597297032,2025-11-03 07:13:04,746
3596640733,2025-11-03 07:22:28,1582
3597297032,2025-11-03 07:23:05,746
3596640733,2025-11-03 07:32:29,1583
3597297032,2025-11-03 07:33:06,747
3596640733,2025-11-03 07:42:30,1584
3597297032,2025-11-03 07:43:07,748
3596640733,2025-11-03 07:52:31,1584
3597297032,2025-11-03 07:53:08,749
3596640733,2025-11-03 08:02:32,1586
3597297032,2025-11-03 08:03:09,750
3596640733,2025-11-03 08:12:33,1587
3597297032,2025-11-03 08:13:10,750
3596640733,2025-11-03 08:22:33,1587
3597297032,2025-11-03 08:23:11,752
3596640733,2025-11-03 08:32:34,1585
3597297032,2025-11-03 08:33:11,753
3596640733,2025-11-03 08:42:35,1586
3597297032,2025-11-03 08:43:12,754
3596640733,2025-11-03 08:52:36,1588
3597297032,2025-11-03 08:53:13,754
3596640733,2025-11-03 09:02:37,1591
3597297032,2025-11-03 09:03:14,757
3596640733,2025-11-03 09:12:38,1594
3597297032,2025-11-03 09:13:15,757
3596640733,2025-11-03 09:22:38,1596
3597297032,2025-11-03 09:23:16,759
3596640733,2025-11-03 09:32:39,1597
3597297032,2025-11-03 09:33:16,761
3596640733,2025-11-03 09:42:40,1603
3597297032,2025-11-03 09:43:17,762
3596640733,2025-11-03 09:52:41,1607
3597297032,2025-11-03 09:53:18,764
3596640733,2025-11-03 10:02:42,1611
3597297032,2025-11-03 10:03:19,766
3596640733,2025-11-03 10:12:42,1614
3597297032,2025-11-03 10:13:20,768
3596640733,2025-11-03 10:22:43,1618
3597297032,2025-11-03 10:23:21,770
3596640733,2025-11-03 10:32:44,1624
3597297032,2025-11-03 10:33:22,772
3596640733,2025-11-03 10:42:47,1626
3597297032,2025-11-03 10:43:24,775
3596640733,2025-11-03 10:52:48,1629
3597297032,2025-11-03 10:53:26,778
3596640733,2025-11-03 11:02:48,1630
3597297032,2025-11-03 11:03:26,778
3596640733,2025-11-03 11:12:49,1634
3597297032,2025-11-03 11:13:28,778
3596640733,2025-11-03 11:22:50,1637
3597297032,2025-11-03 11:23:28,782
3596640733,2025-11-03 11:32:51,1645
3597297032,2025-11-03 11:33:29,784
3596640733,2025-11-03 11:42:52,1653
3597297032,2025-11-03 11:43:30,789
3596640733,2025-11-03 11:52:53,1657
3597297032,2025-11-03 11:53:31,790
3596640733,2025-11-03 12:02:53,1665
3597297032,2025-11-03 12:03:32,792
3596640733,2025-11-03 12:12:54,1667
3597297032,2025-11-03 12:13:33,791
3596640733,2025-11-03 12:22:55,1674
3597297032,2025-11-03 12:23:34,794
3596640733,2025-11-03 12:32:56,1679
3597297032,2025-11-03 12:33:35,797
3596640733,2025-11-03 12:42:58,1685
3597297032,2025-11-03 12:43:35,801
3596640733,2025-11-03 12:52:58,1692
3597297032,2025-11-03 12:53:36,806
3596640733,2025-11-03 13:02:59,1694
3597297032,2025-11-03 13:03:37,815
3596640733,2025-11-03 13:13:00,1701
3597297032,2025-11-03 13:13:38,818
3596640733,2025-11-03 13:23:03,1706
3597297032,2025-11-03 13:23:40,819
3596640733,2025-11-03 13:33:04,1712
3597297032,2025-11-03 13:33:40,822
3596640733,2025-11-03 13:43:05,1719
3597297032,2025-11-03 13:43:42,829
3596640733,2025-11-03 13:53:07,1723
3597297032,2025-11-03 13:53:42,832
3596640733,2025-11-03 14:03:08,1730
3597297032,2025-11-03 14:03:43,833
3596640733,2025-11-03 14:13:09,1730
3597297032,2025-11-03 14:13:44,836
3596640733,2025-11-03 14:23:10,1735
3597297032,2025-11-03 14:23:45,837
3596640733,2025-11-03 14:33:11,1739
3597297032,2025-11-03 14:33:46,838
3596640733,2025-11-03 14:43:12,1748
3597297032,2025-11-03 14:43:47,840
3596640733,2025-11-03 14:53:14,1756
3597297032,2025-11-03 14:53:48,844
3596640733,2025-11-03 15:03:15,1758
3597297032,2025-11-03 15:03:49,846
3596640733,2025-11-03 15:13:16,1762
3597297032,2025-11-03 15:13:50,849
3596640733,2025-11-03 15:23:16,1763
3597297032,2025-11-03 15:23:51,849
3596640733,2025-11-03 15:33:17,1771
3597297032,2025-11-03 15:33:51,853
3596640733,2025-11-03 15:43:18,1775
3597297032,2025-11-03 15:43:52,860
3596640733,2025-11-03 15:53:19,1782
3597297032,2025-11-03 15:53:53,866
3596640733,2025-11-03 16:03:19,1785
3597297032,2025-11-03 16:03:54,871
3596640733,2025-11-03 16:13:20,1791
3597297032,2025-11-03 16:13:54,873
3596640733,2025-11-03 16:23:21,1796
3597297032,2025-11-03 16:23:55,876
3596640733,2025-11-03 16:33:23,1804
3597297032,2025-11-03 16:33:56,881
3596640733,2025-11-03 16:43:24,1813
3597297032,2025-11-03 16:43:56,883
3596640733,2025-11-03 16:53:25,1817
3597297032,2025-11-03 16:53:57,887
3596640733,2025-11-03 17:03:25,1820
3597297032,2025-11-03 17:03:58,891
3596640733,2025-11-03 17:13:26,1823
3597297032,2025-11-03 17:13:58,894
3596640733,2025-11-03 17:23:27,1826
3597297032,2025-11-03 17:23:59,899
3596640733,2025-11-03 17:33:28,1832
3597297032,2025-11-03 17:34:00,904
3596640733,2025-11-03 17:43:28,1835
3597297032,2025-11-03 17:44:01,907
3597297032,2025-11-03 17:54:01,913
3596640733,2025-11-03 18:03:34,1852
3597297032,2025-11-03 18:04:02,912
3596640733,2025-11-03 18:13:35,1855
3597297032,2025-11-03 18:14:03,916
3596640733,2025-11-03 18:23:41,1858
3597297032,2025-11-03 18:24:04,922
3596640733,2025-11-03 18:33:50,1863
3597297032,2025-11-03 18:34:05,925
3596640733,2025-11-03 18:43:57,1873
3597297032,2025-11-03 18:44:12,932
3596640733,2025-11-03 18:54:16,1876
3597297032,2025-11-03 18:54:16,937
3597297032,2025-11-03 19:04:18,943
3596640733,2025-11-03 19:04:22,1879
3597297032,2025-11-03 19:14:20,950
3596640733,2025-11-03 19:14:23,1887
3597297032,2025-11-03 19:24:22,957
3596640733,2025-11-03 19:24:26,1892
3597297032,2025-11-03 19:34:24,962
3596640733,2025-11-03 19:34:35,1902
3597297032,2025-11-03 19:44:26,968
3596640733,2025-11-03 19:44:35,1906
3597297032,2025-11-03 19:54:32,973
3596640733,2025-11-03 19:54:37,1913
3597297032,2025-11-03 20:04:37,975
3596640733,2025-11-03 20:04:38,1919
3597297032,2025-11-03 20:14:39,977
3596640733,2025-11-03 20:14:44,1921
3597297032,2025-11-03 20:24:41,981
3596640733,2025-11-03 20:24:45,1930
3597297032,2025-11-03 20:34:41,988
3596640733,2025-11-03 20:34:51,1943
3597297032,2025-11-03 20:44:43,991
3596640733,2025-11-03 20:44:52,1946
3597297032,2025-11-03 20:54:45,996
3597297032,2025-11-03 21:04:50,1001
3596640733,2025-11-03 21:05:00,1953
3597297032,2025-11-03 21:14:56,1004
3596640733,2025-11-03 21:15:01,1959
3597297032,2025-11-03 21:24:57,1015
3596640733,2025-11-03 21:25:02,1968
3597297032,2025-11-03 21:34:57,1022
3596640733,2025-11-03 21:35:04,1981
3596640733,2025-11-03 21:45:07,1990
3596640733,2025-11-03 21:55:14,1994
3597297032,2025-11-03 21:55:28,1027
3596640733,2025-11-03 22:05:22,1997
3597297032,2025-11-03 22:05:29,1034
3596640733,2025-11-03 22:15:28,2010
3597297032,2025-11-03 22:15:30,1042
3596640733,2025-11-03 22:25:30,2017
3597297032,2025-11-03 22:25:31,1045
3597297032,2025-11-03 22:35:36,1047
3596640733,2025-11-03 22:35:36,2029
3596640733,2025-11-03 22:45:37,2033
3597297032,2025-11-03 22:45:37,1051
3597297032,2025-11-03 22:55:39,1053
3596640733,2025-11-03 22:55:43,2040
3597297032,2025-11-03 23:05:40,1056
3596640733,2025-11-03 23:05:45,2048
3597297032,2025-11-03 23:15:42,1059
3596640733,2025-11-03 23:15:51,2059
3597297032,2025-11-03 23:25:47,1064
3596640733,2025-11-03 23:25:52,2067
3597297032,2025-11-03 23:35:48,1073
3596640733,2025-11-03 23:35:53,2073
3596640733,2025-11-03 23:45:57,2083
3597297032,2025-11-03 23:45:57,1076
3597297032,2025-11-03 23:55:58,1079
3596640733,2025-11-03 23:56:00,2091
3597297032,2025-11-04 00:05:58,1080
3596640733,2025-11-04 00:06:07,2095
3597297032,2025-11-04 00:26:02,1086
3596640733,2025-11-04 00:26:11,2109
3597297032,2025-11-04 00:36:05,1089
3596640733,2025-11-04 00:36:17,2117
3597297032,2025-11-04 00:46:08,1091
3596640733,2025-11-04 00:46:18,2120
3597297032,2025-11-04 00:56:16,1090
3596640733,2025-11-04 00:56:19,2123
3597297032,2025-11-04 01:06:17,1094
3596640733,2025-11-04 01:06:19,2127
3596640733,2025-11-04 01:16:20,2135
3597297032,2025-11-04 01:16:20,1095
3596640733,2025-11-04 01:26:21,2143
3597297032,2025-11-04 01:26:21,1098
3596640733,2025-11-04 01:36:21,2146
3597297032,2025-11-04 01:36:22,1100
3596640733,2025-11-04 01:46:22,2147
3597297032,2025-11-04 01:46:23,1102
3596640733,2025-11-04 01:56:23,2153
3597297032,2025-11-04 01:56:23,1103
3596640733,2025-11-04 02:06:23,2153
3597297032,2025-11-04 02:06:24,1104
3596640733,2025-11-04 02:16:24,2156
3597297032,2025-11-04 02:16:25,1106
3596640733,2025-11-04 02:26:25,2156
3597297032,2025-11-04 02:26:26,1110
3596640733,2025-11-04 02:36:26,2155
3597297032,2025-11-04 02:36:27,1111
3596640733,2025-11-04 02:46:26,2154
3597297032,2025-11-04 02:46:28,1112
3596640733,2025-11-04 02:56:27,2157
3597297032,2025-11-04 02:56:29,1113
3596640733,2025-11-04 03:06:28,2160
3597297032,2025-11-04 03:06:30,1114
3596640733,2025-11-04 03:16:29,2161
3597297032,2025-11-04 03:16:31,1114
3596640733,2025-11-04 03:26:29,2161
3597297032,2025-11-04 03:26:32,1115
3596640733,2025-11-04 03:36:30,2161
3597297032,2025-11-04 03:36:32,1115
3596640733,2025-11-04 03:46:31,2160
3597297032,2025-11-04 03:46:33,1116
3596640733,2025-11-04 03:56:31,2160
3597297032,2025-11-04 03:56:34,1116
3596640733,2025-11-04 04:06:32,2162
3597297032,2025-11-04 04:06:34,1117
3596640733,2025-11-04 04:16:33,2164
3597297032,2025-11-04 04:16:35,1119
3596640733,2025-11-04 04:26:33,2164
3597297032,2025-11-04 04:26:36,1120
3596640733,2025-11-04 04:36:34,2166
3597297032,2025-11-04 04:36:37,1122
3596640733,2025-11-04 04:46:35,2166
3597297032,2025-11-04 04:46:38,1122
3596640733,2025-11-04 04:56:36,2169
3597297032,2025-11-04 04:56:39,1122
3596640733,2025-11-04 05:06:36,2168
3597297032,2025-11-04 05:06:39,1124
3596640733,2025-11-04 05:16:38,2168
3597297032,2025-11-04 05:16:40,1125
3596640733,2025-11-04 05:26:38,2167
3597297032,2025-11-04 05:26:41,1126
3596640733,2025-11-04 05:36:39,2169
3597297032,2025-11-04 05:36:42,1129
3596640733,2025-11-04 05:46:40,2170
3597297032,2025-11-04 05:46:43,1129
3596640733,2025-11-04 05:56:41,2170
3597297032,2025-11-04 05:56:43,1132
3596640733,2025-11-04 06:06:42,2170
3597297032,2025-11-04 06:06:44,1132
3596640733,2025-11-04 06:16:43,2171
3597297032,2025-11-04 06:16:45,1132
3596640733,2025-11-04 06:26:44,2171
3597297032,2025-11-04 06:26:46,1132
3596640733,2025-11-04 06:36:45,2172
3597297032,2025-11-04 06:36:47,1132
3596640733,2025-11-04 06:46:45,2174
3597297032,2025-11-04 06:46:48,1134
3596640733,2025-11-04 06:56:46,2174
3597297032,2025-11-04 06:56:49,1134
3596640733,2025-11-04 07:06:47,2174
3597297032,2025-11-04 07:06:50,1135
3596640733,2025-11-04 07:16:48,2173
3597297032,2025-11-04 07:16:51,1135
3596640733,2025-11-04 07:26:49,2175
3597297032,2025-11-04 07:26:52,1136
3596640733,2025-11-04 07:36:49,2176
3597297032,2025-11-04 07:36:52,1136
3596640733,2025-11-04 07:46:50,2179
3597297032,2025-11-04 07:46:53,1136
3596640733,2025-11-04 07:56:51,2180
3597297032,2025-11-04 07:56:54,1138
3596640733,2025-11-04 08:06:52,2181
3597297032,2025-11-04 08:06:55,1138
3596640733,2025-11-04 08:16:53,2183
3597297032,2025-11-04 08:16:56,1139
3596640733,2025-11-04 08:26:53,2183
3597297032,2025-11-04 08:26:57,1139
3596640733,2025-11-04 08:36:54,2185
3597297032,2025-11-04 08:36:57,1141
3596640733,2025-11-04 08:46:55,2187
3597297032,2025-11-04 08:46:58,1142
3596640733,2025-11-04 08:56:56,2189
3597297032,2025-11-04 08:56:59,1145
3596640733,2025-11-04 09:06:57,2190
3597297032,2025-11-04 09:07:00,1147
3596640733,2025-11-04 09:16:58,2190
3597297032,2025-11-04 09:17:01,1151
3596640733,2025-11-04 09:26:58,2193
3597297032,2025-11-04 09:27:01,1154
3596640733,2025-11-04 09:36:59,2194
3597297032,2025-11-04 09:37:02,1156
3596640733,2025-11-04 09:47:00,2197
3597297032,2025-11-04 09:47:03,1156
3596640733,2025-11-04 09:57:01,2197
3597297032,2025-11-04 09:57:04,1159
3596640733,2025-11-04 10:07:02,2203
3597297032,2025-11-04 10:07:05,1161
3596640733,2025-11-04 10:17:02,2207
3597297032,2025-11-04 10:17:06,1165
3596640733,2025-11-04 10:27:04,2209
3597297032,2025-11-04 10:27:07,1165
3596640733,2025-11-04 10:37:04,2213
3597297032,2025-11-04 10:37:08,1172
3596640733,2025-11-04 10:47:05,2214
3597297032,2025-11-04 10:47:10,1173
3596640733,2025-11-04 10:57:06,2219
3597297032,2025-11-04 10:57:10,1173
3596640733,2025-11-04 11:07:07,2223
3597297032,2025-11-04 11:07:11,1175
3597297032,2025-11-04 11:17:12,1180
3596640733,2025-11-04 11:17:12,2230
3597297032,2025-11-04 11:27:13,1185
3596640733,2025-11-04 11:27:13,2234
3597297032,2025-11-04 11:37:14,1191
3596640733,2025-11-04 11:37:14,2241
3597297032,2025-11-04 11:47:15,1192
3596640733,2025-11-04 11:47:15,2254
3597297032,2025-11-04 11:57:16,1194
3596640733,2025-11-04 11:57:16,2261
3596640733,2025-11-04 12:07:16,2264
3597297032,2025-11-04 12:07:17,1195
3596640733,2025-11-04 12:17:18,2273
3597297032,2025-11-04 12:17:19,1200
3597297032,2025-11-04 12:27:19,1206
3596640733,2025-11-04 12:27:19,2279
3596640733,2025-11-04 12:37:20,2290
3597297032,2025-11-04 12:37:21,1213
3596640733,2025-11-04 12:47:20,2293
3597297032,2025-11-04 12:47:21,1220
3596640733,2025-11-04 12:57:22,2301
3597297032,2025-11-04 12:57:22,1229
3596640733,2025-11-04 13:07:23,2308
3597297032,2025-11-04 13:07:23,1234
3597297032,2025-11-04 13:17:24,1238
3596640733,2025-11-04 13:17:24,2320
3596640733,2025-11-04 13:37:30,2333
3597297032,2025-11-04 13:37:30,1247
3596640733,2025-11-04 13:47:31,2341
3597297032,2025-11-04 13:47:31,1251
3597297032,2025-11-04 13:57:31,1255
3596640733,2025-11-04 13:57:31,2343
3596640733,2025-11-04 14:07:32,2352
3597297032,2025-11-04 14:07:32,1259
3596640733,2025-11-04 14:17:33,2358
3597297032,2025-11-04 14:17:33,1261
3596640733,2025-11-04 14:27:34,2362
3597297032,2025-11-04 14:27:34,1266
3596640733,2025-11-04 14:37:35,2370
3597297032,2025-11-04 14:37:35,1272
3597297032,2025-11-04 14:47:36,1276
3596640733,2025-11-04 14:47:37,2383
3597297032,2025-11-04 14:57:37,1283
3596640733,2025-11-04 14:57:38,2387
3596640733,2025-11-04 15:06:41,2392
3597297032,2025-11-04 15:07:27,1285
3596640733,2025-11-04 15:36:41,2405
3597297032,2025-11-04 15:37:28,1296
3596640733,2025-11-04 16:06:42,2420
3597297032,2025-11-04 16:07:29,1309
3596640733,2025-11-04 16:36:43,2431
3597297032,2025-11-04 16:37:35,1320
3596640733,2025-11-04 17:06:44,2451
3597297032,2025-11-04 17:07:36,1340
3596640733,2025-11-04 17:36:45,2468
3597297032,2025-11-04 17:37:37,1354
3596640733,2025-11-04 18:06:46,2487
3597297032,2025-11-04 18:07:38,1377
3596640733,2025-11-04 18:36:47,2512
3597297032,2025-11-04 18:37:49,1405
3596640733,2025-11-04 19:06:48,2533
3597297032,2025-11-04 19:07:55,1424
3596640733,2025-11-04 19:36:49,2570
3597297032,2025-11-04 19:37:57,1443
3596640733,2025-11-04 20:06:50,2594
3597297032,2025-11-04 20:07:58,1463
3596640733,2025-11-04 20:36:56,2619
3597297032,2025-11-04 20:38:04,1483
3596640733,2025-11-04 21:06:57,2652
3597297032,2025-11-04 21:08:10,1503
3596640733,2025-11-04 21:37:04,2680
3597297032,2025-11-04 21:38:12,1530
3596640733,2025-11-04 22:07:06,2707
3597297032,2025-11-04 22:08:23,1545
3596640733,2025-11-04 22:37:08,2743
3597297032,2025-11-04 22:38:24,1566
3597297032,2025-11-04 23:08:25,1577
3596640733,2025-11-04 23:37:15,2796
3597297032,2025-11-04 23:38:26,1596
3596640733,2025-11-05 00:07:16,2817
3597297032,2025-11-05 00:08:27,1608
3596640733,2025-11-05 00:37:17,2833
3597297032,2025-11-05 00:38:28,1611
3596640733,2025-11-05 01:07:22,2844
3597297032,2025-11-05 01:08:30,1620
3596640733,2025-11-05 01:37:24,2855
3597297032,2025-11-05 01:38:30,1626
3596640733,2025-11-05 02:07:25,2861
3597297032,2025-11-05 02:08:31,1632
3596640733,2025-11-05 02:37:26,2868
3597297032,2025-11-05 02:38:32,1637
3596640733,2025-11-05 03:07:27,2874
3597297032,2025-11-05 03:08:33,1636
3596640733,2025-11-05 03:37:28,2878
3597297032,2025-11-05 03:38:34,1639
3596640733,2025-11-05 04:07:29,2886
3597297032,2025-11-05 04:08:35,1642
3596640733,2025-11-05 04:37:30,2893
3597297032,2025-11-05 04:38:36,1646
3596640733,2025-11-05 05:07:31,2894
3597297032,2025-11-05 05:08:36,1648
3596640733,2025-11-05 05:37:31,2897
3597297032,2025-11-05 05:38:37,1650
3596640733,2025-11-05 06:07:32,2902
3597297032,2025-11-05 06:08:38,1652
3596640733,2025-11-05 06:37:33,2903
3597297032,2025-11-05 06:38:39,1653
3596640733,2025-11-05 07:07:34,2903
3597297032,2025-11-05 07:08:40,1653
3596640733,2025-11-05 07:37:35,2904
3597297032,2025-11-05 07:38:41,1658
3596640733,2025-11-05 08:07:36,2908
3597297032,2025-11-05 08:08:42,1659
3596640733,2025-11-05 08:37:37,2912
3597297032,2025-11-05 08:38:42,1661
3596640733,2025-11-05 09:07:38,2922
3597297032,2025-11-05 09:08:43,1664
3596640733,2025-11-05 09:37:39,2924
3597297032,2025-11-05 09:38:44,1665
3596640733,2025-11-05 10:07:39,2931
3597297032,2025-11-05 10:08:45,1669
3596640733,2025-11-05 10:37:41,2940
3597297032,2025-11-05 10:38:46,1674
3597297032,2025-11-05 11:08:48,1683
3596640733,2025-11-05 11:38:13,2965
3597297032,2025-11-05 11:38:49,1693
3596640733,2025-11-05 12:08:14,2979
3597297032,2025-11-05 12:08:50,1700
3596640733,2025-11-05 12:38:15,3001
3597297032,2025-11-05 12:38:51,1715
3596640733,2025-11-05 13:08:16,3028
3597297032,2025-11-05 13:08:57,1726
3596640733,2025-11-05 13:38:17,3041
3597297032,2025-11-05 13:38:58,1734
3596640733,2025-11-05 14:08:18,3054
3597297032,2025-11-05 14:08:59,1744
3596640733,2025-11-05 14:38:19,3060
3597297032,2025-11-05 14:39:00,1751
3596640733,2025-11-05 15:08:20,3073
3597297032,2025-11-05 15:09:01,1759
3596640733,2025-11-05 15:38:27,3085
3597297032,2025-11-05 15:39:02,1764
3596640733,2025-11-05 16:08:29,3098
3597297032,2025-11-05 16:09:03,1776
3596640733,2025-11-05 16:38:29,3115
3597297032,2025-11-05 16:39:04,1785
3597297032,2025-11-05 17:09:04,1797
3596640733,2025-11-05 17:39:00,3142
3597297032,2025-11-05 17:39:05,1804
3596640733,2025-11-05 18:09:01,3161
3597297032,2025-11-05 18:09:06,1815
3596640733,2025-11-05 18:39:02,3180
3597297032,2025-11-05 18:39:07,1831
3596640733,2025-11-05 19:09:06,3206
3597297032,2025-11-05 19:09:07,1848
3597297032,2025-11-05 19:39:12,1860
3596640733,2025-11-05 19:39:12,3229
3597297032,2025-11-05 20:09:14,1876
3596640733,2025-11-05 20:09:15,3246
3597297032,2025-11-05 20:39:15,1887
3596640733,2025-11-05 20:39:17,3278
3597297032,2025-11-05 21:09:16,1903
3596640733,2025-11-05 21:09:19,3312
3599597476,2025-11-05 21:27:05,204
3597297032,2025-11-05 21:39:17,1923
3596640733,2025-11-05 21:39:21,3336
3599597476,2025-11-05 21:57:06,210
3597297032,2025-11-05 22:09:20,1940
3596640733,2025-11-05 22:09:23,3360
3599597476,2025-11-05 22:27:07,212
3597297032,2025-11-05 22:39:22,1957
3596640733,2025-11-05 22:39:26,3391
3599597476,2025-11-05 22:57:09,217
3597297032,2025-11-05 23:09:22,1973
3596640733,2025-11-05 23:09:28,3408
3599597476,2025-11-05 23:27:11,218
3597297032,2025-11-05 23:39:23,1979
3596640733,2025-11-05 23:39:29,3427
3599597476,2025-11-05 23:57:12,221
3597297032,2025-11-06 00:09:24,1991
3596640733,2025-11-06 00:09:31,3453
3599597476,2025-11-06 00:27:14,222
3597297032,2025-11-06 00:39:25,1993
3596640733,2025-11-06 00:39:32,3465
3599597476,2025-11-06 00:57:15,222
3597297032,2025-11-06 01:09:27,2001
3596640733,2025-11-06 01:09:33,3482
3599597476,2025-11-06 01:27:15,225
3597297032,2025-11-06 01:39:27,2005
3596640733,2025-11-06 01:39:35,3493
3599597476,2025-11-06 01:57:16,226
3597297032,2025-11-06 02:09:28,2013
3596640733,2025-11-06 02:09:35,3500
3599597476,2025-11-06 02:27:17,228
3597297032,2025-11-06 02:39:29,2018
3596640733,2025-11-06 02:39:36,3507
3599597476,2025-11-06 02:57:18,230
3597297032,2025-11-06 03:09:30,2021
3596640733,2025-11-06 03:09:37,3513
3599597476,2025-11-06 03:27:21,230
3597297032,2025-11-06 03:39:33,2021
3596640733,2025-11-06 03:39:40,3514
3599597476,2025-11-06 03:57:22,231
3597297032,2025-11-06 04:09:34,2022
3596640733,2025-11-06 04:09:41,3518
3599597476,2025-11-06 04:27:23,231
3597297032,2025-11-06 04:39:35,2024
3596640733,2025-11-06 04:39:42,3521
3599597476,2025-11-06 04:57:23,232
3597297032,2025-11-06 05:09:35,2025
3596640733,2025-11-06 05:09:42,3527
3599597476,2025-11-06 05:27:24,233
3597297032,2025-11-06 05:39:36,2028
3596640733,2025-11-06 05:39:43,3531
3599597476,2025-11-06 05:57:25,233
3597297032,2025-11-06 06:09:37,2028
3596640733,2025-11-06 06:09:44,3532
3599597476,2025-11-06 06:27:26,234
3597297032,2025-11-06 06:39:37,2030
3596640733,2025-11-06 06:39:44,3535
3599597476,2025-11-06 06:57:27,234
3597297032,2025-11-06 07:09:38,2034
3596640733,2025-11-06 07:09:45,3537
3599597476,2025-11-06 07:27:28,235
3597297032,2025-11-06 07:39:39,2037
3596640733,2025-11-06 07:39:46,3539
3599597476,2025-11-06 07:57:29,236
3597297032,2025-11-06 08:09:40,2043
3596640733,2025-11-06 08:09:47,3545
3599597476,2025-11-06 08:27:29,235
3597297032,2025-11-06 08:39:41,2046
3596640733,2025-11-06 08:39:48,3547
3599597476,2025-11-06 08:57:30,235
3597297032,2025-11-06 09:09:41,2048
3596640733,2025-11-06 09:09:48,3554
3599597476,2025-11-06 09:27:31,238
3597297032,2025-11-06 09:39:43,2050
3596640733,2025-11-06 09:39:49,3562
3599597476,2025-11-06 09:57:32,241
3597297032,2025-11-06 10:09:43,2052
3596640733,2025-11-06 10:09:50,3574
3599597476,2025-11-06 10:27:32,242
3597297032,2025-11-06 10:39:44,2065
3596640733,2025-11-06 10:39:51,3586
3599597476,2025-11-06 10:57:33,244
3597297032,2025-11-06 11:09:45,2072
3596640733,2025-11-06 11:09:53,3610
3599597476,2025-11-06 11:27:34,247
3597297032,2025-11-06 11:39:46,2079
3596640733,2025-11-06 11:39:54,3623
3599597476,2025-11-06 11:57:35,251
3597297032,2025-11-06 12:09:46,2084
3596640733,2025-11-06 12:09:54,3638
3599597476,2025-11-06 12:27:36,254
3597297032,2025-11-06 12:39:47,2100
3596640733,2025-11-06 12:39:55,3649
3599597476,2025-11-06 12:57:37,259
3597297032,2025-11-06 13:09:48,2115
3596640733,2025-11-06 13:09:57,3671
3599597476,2025-11-06 13:27:38,263
3597297032,2025-11-06 13:39:52,2130
3596640733,2025-11-06 13:39:59,3699
3599597476,2025-11-06 13:57:39,267
3597297032,2025-11-06 14:09:52,2135
3596640733,2025-11-06 14:10:00,3717
3599597476,2025-11-06 14:27:39,270
3597297032,2025-11-06 14:39:53,2151
3596640733,2025-11-06 14:40:01,3733
3599597476,2025-11-06 14:57:40,272
3597297032,2025-11-06 15:09:55,2160
3596640733,2025-11-06 15:10:02,3748
3599597476,2025-11-06 15:27:41,272
3597297032,2025-11-06 15:39:56,2163
3596640733,2025-11-06 15:40:03,3767
3599597476,2025-11-06 15:57:42,273
3597297032,2025-11-06 16:09:57,2172
3596640733,2025-11-06 16:10:04,3782
3599597476,2025-11-06 16:27:43,278
3597297032,2025-11-06 16:39:58,2183
3596640733,2025-11-06 16:40:05,3797
3599597476,2025-11-06 16:57:43,281
3597297032,2025-11-06 17:09:59,2191
3596640733,2025-11-06 17:10:06,3823
3599597476,2025-11-06 17:27:44,281
3597297032,2025-11-06 17:40:00,2201
3596640733,2025-11-06 17:40:06,3845
3599597476,2025-11-06 17:57:45,282
3597297032,2025-11-06 18:10:00,2209
3596640733,2025-11-06 18:10:07,3865
3599597476,2025-11-06 18:27:46,283
3597297032,2025-11-06 18:40:01,2223
3596640733,2025-11-06 18:40:08,3890
3599597476,2025-11-06 18:57:46,287
3597297032,2025-11-06 19:10:02,2240
3596640733,2025-11-06 19:10:09,3922
3599597476,2025-11-06 19:27:47,293
3597297032,2025-11-06 19:40:03,2257
3596640733,2025-11-06 19:40:10,3950
3599597476,2025-11-06 19:57:49,297
3597297032,2025-11-06 20:10:05,2272
3596640733,2025-11-06 20:10:11,3982
3599597476,2025-11-06 20:27:50,302
3597297032,2025-11-06 20:40:06,2284
3596640733,2025-11-06 20:40:12,4004
3599597476,2025-11-06 20:57:51,304
3597297032,2025-11-06 21:10:08,2316
3596640733,2025-11-06 21:10:15,4039
3599597476,2025-11-06 21:27:54,308
3597297032,2025-11-06 21:40:12,2340
3596640733,2025-11-06 21:40:23,4069
3599597476,2025-11-06 21:58:00,314
3597297032,2025-11-06 22:10:15,2366
3596640733,2025-11-06 22:10:23,4103
3599597476,2025-11-06 22:28:02,320
3597297032,2025-11-06 22:40:15,2387
3596640733,2025-11-06 22:40:25,4154
3599597476,2025-11-06 22:58:02,330
3597297032,2025-11-06 23:10:17,2409
3596640733,2025-11-06 23:10:25,4180
3599597476,2025-11-06 23:28:03,334
3597297032,2025-11-06 23:40:19,2420
3596640733,2025-11-06 23:40:26,4201
3599597476,2025-11-06 23:58:04,338
3597297032,2025-11-07 00:10:20,2434
3596640733,2025-11-07 00:10:27,4212
3599597476,2025-11-07 00:28:05,343
3597297032,2025-11-07 00:40:21,2442
3596640733,2025-11-07 00:40:28,4228
3599597476,2025-11-07 00:58:06,345
3597297032,2025-11-07 01:10:22,2456
3596640733,2025-11-07 01:10:30,4238
3599597476,2025-11-07 01:28:07,346
3597297032,2025-11-07 01:40:23,2462
3596640733,2025-11-07 01:40:31,4251
3599597476,2025-11-07 01:58:08,347
3596640733,2025-11-07 02:10:32,4262
3599597476,2025-11-07 02:28:09,349
3597297032,2025-11-07 02:40:25,2478
3596640733,2025-11-07 02:40:34,4269
3599597476,2025-11-07 02:58:10,349
3597297032,2025-11-07 03:10:26,2481
3596640733,2025-11-07 03:10:35,4272
3599597476,2025-11-07 03:28:11,349
3597297032,2025-11-07 03:40:27,2481
3596640733,2025-11-07 03:40:35,4275
3599597476,2025-11-07 03:58:11,350
3597297032,2025-11-07 04:10:28,2486
3596640733,2025-11-07 04:10:36,4278
3599597476,2025-11-07 04:28:12,350
3597297032,2025-11-07 04:40:29,2487
3596640733,2025-11-07 04:40:37,4278
3599597476,2025-11-07 04:58:13,351
3597297032,2025-11-07 05:10:29,2488
3596640733,2025-11-07 05:10:38,4283
3599597476,2025-11-07 05:28:14,352
3597297032,2025-11-07 05:40:30,2488
3596640733,2025-11-07 05:40:38,4283
3599597476,2025-11-07 05:58:14,352
3597297032,2025-11-07 06:10:31,2489
3596640733,2025-11-07 06:10:39,4281
3599597476,2025-11-07 06:28:15,352
3597297032,2025-11-07 06:40:32,2490
3596640733,2025-11-07 06:40:40,4281
3599597476,2025-11-07 06:58:18,354
3597297032,2025-11-07 07:10:34,2493
3596640733,2025-11-07 07:10:42,4283
3599597476,2025-11-07 07:28:18,354
3597297032,2025-11-07 07:40:35,2495
3596640733,2025-11-07 07:40:43,4286
3599597476,2025-11-07 07:58:19,354
3597297032,2025-11-07 08:10:35,2498
3596640733,2025-11-07 08:10:44,4287
3599597476,2025-11-07 08:28:20,354
3597297032,2025-11-07 08:40:36,2502
3596640733,2025-11-07 08:40:44,4293
3599597476,2025-11-07 08:58:20,354
3597297032,2025-11-07 09:10:37,2506
3596640733,2025-11-07 09:10:45,4299
3599597476,2025-11-07 09:28:21,357
3597297032,2025-11-07 09:40:38,2511
3596640733,2025-11-07 09:40:46,4313
3599597476,2025-11-07 09:58:22,359
3597297032,2025-11-07 10:10:39,2513
3596640733,2025-11-07 10:10:47,4326
3599597476,2025-11-07 10:28:23,361
3597297032,2025-11-07 10:40:39,2522
3596640733,2025-11-07 10:40:48,4341
3599597476,2025-11-07 10:58:24,363
3597297032,2025-11-07 11:10:40,2532
3596640733,2025-11-07 11:10:49,4356
3599597476,2025-11-07 11:28:25,363
3597297032,2025-11-07 11:40:42,2541
3596640733,2025-11-07 11:40:50,4371
3599597476,2025-11-07 11:58:26,363
3597297032,2025-11-07 12:10:43,2553
3596640733,2025-11-07 12:10:50,4387
3599597476,2025-11-07 12:28:27,362
3597297032,2025-11-07 12:40:43,2559
3596640733,2025-11-07 12:40:51,4405
3599597476,2025-11-07 12:58:28,367
3597297032,2025-11-07 13:10:44,2564
3596640733,2025-11-07 13:10:52,4418
3599597476,2025-11-07 13:28:32,372
3597297032,2025-11-07 13:40:45,2581
3596640733,2025-11-07 13:40:53,4439
3599597476,2025-11-07 13:58:33,372
3597297032,2025-11-07 14:10:46,2588
3596640733,2025-11-07 14:10:54,4448
3599597476,2025-11-07 14:28:34,373
3597297032,2025-11-07 14:40:47,2600
3596640733,2025-11-07 14:40:56,4457
3599597476,2025-11-07 14:58:35,377
3597297032,2025-11-07 15:10:49,2610
3596640733,2025-11-07 15:10:58,4462
3599597476,2025-11-07 15:28:37,378
3597297032,2025-11-07 15:40:50,2619
3596640733,2025-11-07 15:40:59,4466
3599597476,2025-11-07 15:58:38,378
3597297032,2025-11-07 16:10:51,2632
3596640733,2025-11-07 16:11:01,4472
3599597476,2025-11-07 16:28:41,379
3597297032,2025-11-07 16:40:53,2646
3596640733,2025-11-07 16:41:02,4482
3599597476,2025-11-07 16:58:42,382
3597297032,2025-11-07 17:10:54,2662
3596640733,2025-11-07 17:11:04,4491
3599597476,2025-11-07 17:28:42,384
3597297032,2025-11-07 17:40:55,2680
3596640733,2025-11-07 17:41:05,4504
3599597476,2025-11-07 17:58:43,386
3597297032,2025-11-07 18:10:57,2693
3596640733,2025-11-07 18:11:07,4513
3599597476,2025-11-07 18:28:45,388
3597297032,2025-11-07 18:40:58,2711
3599597476,2025-11-07 18:58:46,387
3597297032,2025-11-07 19:10:59,2729
3596640733,2025-11-07 19:11:17,4532
3599597476,2025-11-07 19:28:47,393
3597297032,2025-11-07 19:41:00,2752
3596640733,2025-11-07 19:41:18,4550
3599597476,2025-11-07 19:58:48,399
3597297032,2025-11-07 20:11:00,2769
3596640733,2025-11-07 20:11:19,4563
3599597476,2025-11-07 20:28:49,401
3597297032,2025-11-07 20:41:01,2790
3596640733,2025-11-07 20:41:20,4585
3599597476,2025-11-07 20:58:50,405
3597297032,2025-11-07 21:11:02,2805
3596640733,2025-11-07 21:11:21,4603
3599597476,2025-11-07 21:28:50,406
3597297032,2025-11-07 21:41:03,2827
3596640733,2025-11-07 21:41:22,4632
3599597476,2025-11-07 21:58:51,409
3597297032,2025-11-07 22:11:03,2843
3596640733,2025-11-07 22:11:23,4644
3597297032,2025-11-07 22:41:08,2860
3596640733,2025-11-07 22:41:26,4655
3599597476,2025-11-07 22:58:57,422
3597297032,2025-11-07 23:11:08,2877
3596640733,2025-11-07 23:11:26,4664
3599597476,2025-11-07 23:28:59,425
3597297032,2025-11-07 23:41:09,2891
3596640733,2025-11-07 23:41:29,4679
3599597476,2025-11-07 23:59:00,429
3597297032,2025-11-08 00:11:10,2908
3596640733,2025-11-08 00:11:31,4684
3599597476,2025-11-08 00:29:01,436
3597297032,2025-11-08 00:41:11,2915
3596640733,2025-11-08 00:41:33,4689
3599597476,2025-11-08 00:59:06,437
3597297032,2025-11-08 01:11:26,2926
3596640733,2025-11-08 01:11:38,4699
3599597476,2025-11-08 01:29:09,443
3597297032,2025-11-08 01:41:28,2930
3596640733,2025-11-08 01:41:38,4706
3599597476,2025-11-08 01:59:10,444
3597297032,2025-11-08 02:11:29,2934
3596640733,2025-11-08 02:11:39,4708
3599597476,2025-11-08 02:29:11,447
3597297032,2025-11-08 02:41:30,2939
3596640733,2025-11-08 02:41:40,4711
3599597476,2025-11-08 02:59:12,449
3597297032,2025-11-08 03:11:30,2941
3596640733,2025-11-08 03:11:41,4709
3599597476,2025-11-08 03:29:13,451
3597297032,2025-11-08 03:41:31,2941
3596640733,2025-11-08 03:41:42,4714
3599597476,2025-11-08 03:59:14,452
3597297032,2025-11-08 04:11:32,2943
3596640733,2025-11-08 04:11:43,4717
3599597476,2025-11-08 04:29:14,452
3597297032,2025-11-08 04:41:33,2947
3596640733,2025-11-08 04:41:44,4718
3599597476,2025-11-08 04:59:15,452
3597297032,2025-11-08 05:11:33,2947
3596640733,2025-11-08 05:11:45,4721
3599597476,2025-11-08 05:29:16,451
3597297032,2025-11-08 05:41:34,2951
3596640733,2025-11-08 05:41:45,4722
3599597476,2025-11-08 05:59:17,454
3597297032,2025-11-08 06:11:35,2952
3596640733,2025-11-08 06:11:46,4723
3599597476,2025-11-08 06:29:18,456
3597297032,2025-11-08 06:41:36,2954
3596640733,2025-11-08 06:41:47,4724
3599597476,2025-11-08 06:59:18,456
3597297032,2025-11-08 07:11:36,2954
3596640733,2025-11-08 07:11:48,4724
3599597476,2025-11-08 07:29:19,456
3597297032,2025-11-08 07:41:37,2959
3596640733,2025-11-08 07:41:48,4728
3599597476,2025-11-08 07:59:20,458
3597297032,2025-11-08 08:11:38,2960
3596640733,2025-11-08 08:11:49,4729
3599597476,2025-11-08 08:29:21,457
3597297032,2025-11-08 08:41:39,2965
3596640733,2025-11-08 08:41:50,4731
3599597476,2025-11-08 08:59:21,457
3597297032,2025-11-08 09:11:39,2975
3596640733,2025-11-08 09:11:51,4732
3599597476,2025-11-08 09:29:22,461
3597297032,2025-11-08 09:41:40,2985
3596640733,2025-11-08 09:41:52,4739
3599597476,2025-11-08 09:59:23,464
3597297032,2025-11-08 10:11:41,2993
3596640733,2025-11-08 10:11:52,4743
3599597476,2025-11-08 10:29:24,467
3597297032,2025-11-08 10:41:42,3008
3596640733,2025-11-08 10:41:54,4755
3599597476,2025-11-08 10:59:25,474
3597297032,2025-11-08 11:11:44,3016
3596640733,2025-11-08 11:11:56,4758
3599597476,2025-11-08 11:29:26,478
3597297032,2025-11-08 11:41:45,3022
3596640733,2025-11-08 11:41:58,4766
3599597476,2025-11-08 11:59:27,486
3597297032,2025-11-08 12:11:46,3033
3596640733,2025-11-08 12:12:00,4775
3599597476,2025-11-08 12:29:28,495
3597297032,2025-11-08 12:41:47,3037
3596640733,2025-11-08 12:42:01,4781
3599597476,2025-11-08 12:59:35,504
3596640733,2025-11-08 13:12:02,4801
3599597476,2025-11-08 13:29:36,510
3597297032,2025-11-08 13:41:53,3063
3596640733,2025-11-08 13:42:03,4817
3599597476,2025-11-08 13:59:36,514
3597297032,2025-11-08 14:11:54,3065
3596640733,2025-11-08 14:12:04,4821
3599597476,2025-11-08 14:29:38,519
3597297032,2025-11-08 14:41:54,3078
3596640733,2025-11-08 14:42:05,4827
3599597476,2025-11-08 14:59:39,525
3597297032,2025-11-08 15:11:56,3086
3596640733,2025-11-08 15:12:06,4833
3599597476,2025-11-08 15:29:40,536
3597297032,2025-11-08 15:41:57,3095
3596640733,2025-11-08 15:42:08,4847
3599597476,2025-11-08 15:59:41,541
3597297032,2025-11-08 16:11:57,3112
3596640733,2025-11-08 16:12:10,4862
3599597476,2025-11-08 16:29:43,549
3597297032,2025-11-08 16:41:59,3126
3596640733,2025-11-08 16:42:11,4873
3599597476,2025-11-08 16:59:45,556
3597297032,2025-11-08 17:12:00,3143
3596640733,2025-11-08 17:12:11,4885
3599597476,2025-11-08 17:29:46,559
3597297032,2025-11-08 17:42:02,3157
3596640733,2025-11-08 17:42:13,4892
3599597476,2025-11-08 17:59:47,571
3597297032,2025-11-08 18:12:03,3166
3596640733,2025-11-08 18:12:14,4901
3599597476,2025-11-08 18:29:48,575
3597297032,2025-11-08 18:42:04,3172
3596640733,2025-11-08 18:42:16,4919
3599597476,2025-11-08 18:59:49,580
3597297032,2025-11-08 19:12:09,3183
3596640733,2025-11-08 19:12:20,4932
3599597476,2025-11-08 19:29:54,587
3597297032,2025-11-08 19:42:11,3188
3596640733,2025-11-08 19:42:22,4941
3599597476,2025-11-08 19:59:54,601
3597297032,2025-11-08 20:12:12,3197
3596640733,2025-11-08 20:12:23,4960
3597297032,2025-11-08 20:42:13,3208
3596640733,2025-11-08 20:42:26,4971
3599597476,2025-11-08 21:00:00,626
3597297032,2025-11-08 21:12:15,3224
3596640733,2025-11-08 21:12:30,4980
3599597476,2025-11-08 21:30:02,633
3597297032,2025-11-08 21:42:17,3238
3596640733,2025-11-08 21:42:32,4989
3599597476,2025-11-08 22:00:03,646
3597297032,2025-11-08 22:12:17,3253
3596640733,2025-11-08 22:12:32,5007
3599597476,2025-11-08 22:30:03,651
3597297032,2025-11-08 22:42:18,3268
3596640733,2025-11-08 22:42:33,5025
3599597476,2025-11-08 23:00:04,659
3597297032,2025-11-08 23:12:19,3283
3596640733,2025-11-08 23:12:34,5036
3599597476,2025-11-08 23:30:05,672
3597297032,2025-11-08 23:42:20,3302
3596640733,2025-11-08 23:42:35,5047
3599597476,2025-11-09 00:00:06,677
3597297032,2025-11-09 00:12:20,3306
3596640733,2025-11-09 00:12:36,5055
3599597476,2025-11-09 00:30:07,683
3597297032,2025-11-09 00:42:21,3319
3596640733,2025-11-09 00:42:37,5061
3599597476,2025-11-09 01:00:07,691
3597297032,2025-11-09 01:12:22,3325
3596640733,2025-11-09 01:12:37,5069
3599597476,2025-11-09 01:30:08,695
3597297032,2025-11-09 01:42:23,3332
3596640733,2025-11-09 01:42:38,5079
3599597476,2025-11-09 02:00:09,697
3597297032,2025-11-09 02:12:24,3345
3596640733,2025-11-09 02:12:39,5090
3599597476,2025-11-09 02:30:10,697
3597297032,2025-11-09 02:42:25,3346
3596640733,2025-11-09 02:42:40,5093
3599597476,2025-11-09 03:00:11,698
3597297032,2025-11-09 03:12:26,3352
3596640733,2025-11-09 03:12:41,5100
3599597476,2025-11-09 03:30:11,699
3597297032,2025-11-09 03:42:27,3357
3596640733,2025-11-09 03:42:42,5103
3599597476,2025-11-09 04:00:12,701
3597297032,2025-11-09 04:12:28,3358
3596640733,2025-11-09 04:12:43,5103
3599597476,2025-11-09 04:30:15,703
3597297032,2025-11-09 04:42:30,3359
3596640733,2025-11-09 04:42:45,5103
3599597476,2025-11-09 05:00:16,703
3597297032,2025-11-09 05:12:31,3363
3596640733,2025-11-09 05:12:46,5107
3599597476,2025-11-09 05:30:17,706
3597297032,2025-11-09 05:42:32,3367
3596640733,2025-11-09 05:42:47,5110
3599597476,2025-11-09 06:00:18,710
3597297032,2025-11-09 06:12:33,3370
3596640733,2025-11-09 06:12:48,5114
3599597476,2025-11-09 06:30:19,714
3597297032,2025-11-09 06:42:34,3372
3596640733,2025-11-09 06:42:49,5116
3599597476,2025-11-09 07:00:20,714
3597297032,2025-11-09 07:12:35,3374
3596640733,2025-11-09 07:12:50,5116
3599597476,2025-11-09 07:30:20,717
3597297032,2025-11-09 07:42:36,3374
3596640733,2025-11-09 07:42:51,5118
3599597476,2025-11-09 08:00:21,719
3597297032,2025-11-09 08:12:37,3378
3596640733,2025-11-09 08:12:52,5121
3599597476,2025-11-09 08:30:22,721
3597297032,2025-11-09 08:42:37,3384
3596640733,2025-11-09 08:42:52,5124
3599597476,2025-11-09 09:00:23,724
3597297032,2025-11-09 09:12:38,3386
3596640733,2025-11-09 09:12:53,5125
3599597476,2025-11-09 09:30:23,728
3597297032,2025-11-09 09:42:39,3390
3596640733,2025-11-09 09:42:54,5125
3599597476,2025-11-09 10:00:24,729
3597297032,2025-11-09 10:12:40,3398
3596640733,2025-11-09 10:12:55,5136
3599597476,2025-11-09 10:30:25,738
3597297032,2025-11-09 10:42:41,3403
3596640733,2025-11-09 10:42:56,5139
3599597476,2025-11-09 11:00:26,746
3597297032,2025-11-09 11:12:42,3407
3596640733,2025-11-09 11:12:57,5149
3599597476,2025-11-09 11:30:27,750
3597297032,2025-11-09 11:42:42,3414
3596640733,2025-11-09 11:42:57,5158
3599597476,2025-11-09 12:00:28,759
3597297032,2025-11-09 12:12:44,3423
3596640733,2025-11-09 12:12:58,5163
3599597476,2025-11-09 12:30:29,767
3597297032,2025-11-09 12:42:44,3432
3596640733,2025-11-09 12:42:59,5163
3599597476,2025-11-09 13:00:29,775
3597297032,2025-11-09 13:12:45,3442
3596640733,2025-11-09 13:13:00,5176
3599597476,2025-11-09 13:30:30,784
3597297032,2025-11-09 13:42:46,3453
3596640733,2025-11-09 13:43:01,5184
3599597476,2025-11-09 14:00:31,797
3597297032,2025-11-09 14:12:47,3465
3596640733,2025-11-09 14:13:02,5198
3599597476,2025-11-09 14:30:32,806
3597297032,2025-11-09 14:42:47,3486
3596640733,2025-11-09 14:43:02,5210
3599597476,2025-11-09 15:00:32,813
3597297032,2025-11-09 15:12:48,3498
3596640733,2025-11-09 15:13:03,5218
3599597476,2025-11-09 15:30:33,822
3597297032,2025-11-09 15:42:49,3512
3596640733,2025-11-09 15:43:04,5233
3599597476,2025-11-09 16:00:34,825
3597297032,2025-11-09 16:12:50,3523
3596640733,2025-11-09 16:13:05,5245
3599597476,2025-11-09 16:30:35,839
3597297032,2025-11-09 16:42:51,3534
3596640733,2025-11-09 16:43:06,5253
3599597476,2025-11-09 17:00:36,853
3597297032,2025-11-09 17:12:51,3548
3596640733,2025-11-09 17:13:07,5260
3599597476,2025-11-09 17:30:36,860
3597297032,2025-11-09 17:42:52,3566
3596640733,2025-11-09 17:43:08,5268
3599597476,2025-11-09 18:00:37,865
3597297032,2025-11-09 18:12:53,3575
3596640733,2025-11-09 18:13:09,5284
3599597476,2025-11-09 18:30:38,871
3597297032,2025-11-09 18:42:54,3590
3596640733,2025-11-09 18:43:09,5291
3599597476,2025-11-09 19:00:39,878
3597297032,2025-11-09 19:12:55,3599
3596640733,2025-11-09 19:13:11,5303
3599597476,2025-11-09 19:30:40,886
3597297032,2025-11-09 19:42:55,3617
3596640733,2025-11-09 19:43:12,5318
3599597476,2025-11-09 20:00:41,888
3597297032,2025-11-09 20:12:56,3624
3596640733,2025-11-09 20:13:12,5336
3599597476,2025-11-09 20:30:42,899
3597297032,2025-11-09 20:42:57,3643
3596640733,2025-11-09 20:43:13,5353
3599597476,2025-11-09 21:00:43,905
3597297032,2025-11-09 21:12:58,3657
3596640733,2025-11-09 21:13:14,5363
3599597476,2025-11-09 21:30:44,914
3597297032,2025-11-09 21:42:59,3674
3596640733,2025-11-09 21:43:15,5377
3599597476,2025-11-09 22:00:45,915
3597297032,2025-11-09 22:13:00,3688
3596640733,2025-11-09 22:13:16,5395
3599597476,2025-11-09 22:30:49,916
3597297032,2025-11-09 22:43:04,3700
3596640733,2025-11-09 22:43:20,5412
3599597476,2025-11-09 23:00:50,916
3597297032,2025-11-09 23:13:05,3715
3596640733,2025-11-09 23:13:21,5429
3599597476,2025-11-09 23:30:51,919
3597297032,2025-11-09 23:43:06,3725
3596640733,2025-11-09 23:43:22,5446
3599597476,2025-11-10 00:00:52,917
3597297032,2025-11-10 00:13:07,3729
3596640733,2025-11-10 00:13:23,5458
3599597476,2025-11-10 00:30:53,919
3597297032,2025-11-10 00:43:08,3737
3596640733,2025-11-10 00:43:24,5468
3599597476,2025-11-10 01:00:53,925
3597297032,2025-11-10 01:13:09,3739
3596640733,2025-11-10 01:13:25,5471
3599597476,2025-11-10 01:30:55,927
3597297032,2025-11-10 01:43:10,3741
3596640733,2025-11-10 01:43:25,5474
3599597476,2025-11-10 02:00:56,930
3597297032,2025-11-10 02:13:11,3742
3596640733,2025-11-10 02:13:26,5477
3599597476,2025-11-10 02:30:56,932
3597297032,2025-11-10 02:43:11,3743
3596640733,2025-11-10 02:43:27,5479
3599597476,2025-11-10 03:00:57,937
3597297032,2025-11-10 03:13:12,3744
3596640733,2025-11-10 03:13:28,5479
3599597476,2025-11-10 03:30:58,937
3597297032,2025-11-10 03:43:13,3747
3596640733,2025-11-10 03:43:29,5483
3599597476,2025-11-10 04:00:59,940
3597297032,2025-11-10 04:13:14,3748
3596640733,2025-11-10 04:13:30,5485
3599597476,2025-11-10 04:31:00,941
3597297032,2025-11-10 04:43:15,3747
3596640733,2025-11-10 04:43:31,5485
3599597476,2025-11-10 05:01:01,941
3597297032,2025-11-10 05:13:16,3749
3596640733,2025-11-10 05:13:32,5485
3599597476,2025-11-10 05:31:02,944
3597297032,2025-11-10 05:43:17,3748
3596640733,2025-11-10 05:43:33,5484
3599597476,2025-11-10 06:01:03,946
3597297032,2025-11-10 06:13:18,3749
3596640733,2025-11-10 06:13:34,5486
3599597476,2025-11-10 06:31:04,945
3597297032,2025-11-10 06:43:19,3749
3596640733,2025-11-10 06:43:35,5486
3599597476,2025-11-10 07:01:05,946
3597297032,2025-11-10 07:13:20,3750
3596640733,2025-11-10 07:13:36,5488
3599597476,2025-11-10 07:31:07,947
3597297032,2025-11-10 07:43:24,3751
3596640733,2025-11-10 07:43:39,5488
3599597476,2025-11-10 08:01:09,948
3597297032,2025-11-10 08:13:25,3750
3596640733,2025-11-10 08:13:41,5487
3599597476,2025-11-10 08:31:11,953
3597297032,2025-11-10 08:43:27,3752
3596640733,2025-11-10 08:43:42,5490
3599597476,2025-11-10 09:01:12,956
3597297032,2025-11-10 09:13:28,3754
3596640733,2025-11-10 09:13:44,5492
3599597476,2025-11-10 09:31:14,952
3597297032,2025-11-10 09:43:29,3764
3596640733,2025-11-10 09:43:45,5501
3599597476,2025-11-10 10:01:15,951
3597297032,2025-11-10 10:13:31,3771
3596640733,2025-11-10 10:13:47,5513
3599597476,2025-11-10 10:31:17,954
3597297032,2025-11-10 10:43:33,3780
3596640733,2025-11-10 10:43:48,5525
3599597476,2025-11-10 11:01:18,957
3597297032,2025-11-10 11:13:34,3783
3596640733,2025-11-10 11:13:50,5533
3599597476,2025-11-10 11:31:19,958
3597297032,2025-11-10 11:43:36,3792
3596640733,2025-11-10 11:43:51,5547
3599597476,2025-11-10 12:01:21,962
3597297032,2025-11-10 12:13:38,3799
3596640733,2025-11-10 12:13:53,5556
3599597476,2025-11-10 12:31:22,966
3597297032,2025-11-10 12:43:39,3811
3596640733,2025-11-10 12:43:54,5569
3599597476,2025-11-10 13:01:23,971
3597297032,2025-11-10 13:13:41,3822
3596640733,2025-11-10 13:13:56,5580
3599597476,2025-11-10 13:31:25,974
3597297032,2025-11-10 13:43:42,3831
3596640733,2025-11-10 13:43:57,5588
3599597476,2025-11-10 14:01:26,975
3597297032,2025-11-10 14:13:44,3840
3596640733,2025-11-10 14:13:59,5596
3599597476,2025-11-10 14:31:27,978
3597297032,2025-11-10 14:43:45,3851
3596640733,2025-11-10 14:44:01,5613
3599597476,2025-11-10 15:01:29,983
3597297032,2025-11-10 15:13:47,3865
3596640733,2025-11-10 15:14:03,5622
3599597476,2025-11-10 15:31:30,986
3597297032,2025-11-10 15:43:48,3873
3596640733,2025-11-10 15:44:04,5631
3599597476,2025-11-10 16:01:33,989
3597297032,2025-11-10 16:13:50,3876
3596640733,2025-11-10 16:14:06,5635
3599597476,2025-11-10 16:31:34,994
3597297032,2025-11-10 16:43:53,3884
3596640733,2025-11-10 16:44:09,5641
3599597476,2025-11-10 17:01:37,997
3597297032,2025-11-10 17:13:54,3897
3596640733,2025-11-10 17:14:11,5650
3599597476,2025-11-10 17:31:39,996
3597297032,2025-11-10 17:43:55,3907
3596640733,2025-11-10 17:44:13,5661
3599597476,2025-11-10 18:01:40,1002
3597297032,2025-11-10 18:13:57,3920
3596640733,2025-11-10 18:14:14,5668
3599597476,2025-11-10 18:31:42,1006
3597297032,2025-11-10 18:43:58,3931
3596640733,2025-11-10 18:44:16,5686
3599597476,2025-11-10 19:01:43,1015
3597297032,2025-11-10 19:13:59,3941
3596640733,2025-11-10 19:14:18,5695
3599597476,2025-11-10 19:31:47,1025
3597297032,2025-11-10 19:44:01,3956
3596640733,2025-11-10 19:44:19,5712
3599597476,2025-11-10 20:01:48,1030
3597297032,2025-11-10 20:14:02,3978
3596640733,2025-11-10 20:14:21,5735
3599597476,2025-11-10 20:31:49,1039
3597297032,2025-11-10 20:44:03,3985
3596640733,2025-11-10 20:44:22,5753
3599597476,2025-11-10 21:01:51,1047
3597297032,2025-11-10 21:14:05,4001
3596640733,2025-11-10 21:14:24,5769
3599597476,2025-11-10 21:31:52,1050
3597297032,2025-11-10 21:44:06,4030
3596640733,2025-11-10 21:44:25,5798
3599597476,2025-11-10 22:01:53,1056
3597297032,2025-11-10 22:14:07,4042
3596640733,2025-11-10 22:14:27,5817
3599597476,2025-11-10 22:31:55,1060
3596640733,2025-11-22 13:33:24,8059
3597297032,2025-11-22 13:33:25,5860
3599597476,2025-11-22 13:33:27,2835
3597297032,2025-11-22 13:41:00,5859
3599597476,2025-11-22 13:41:00,2836
3596640733,2025-11-22 13:41:00,8059
3599597476,2025-11-22 14:08:20,2841
3596640733,2025-11-22 14:08:20,8061
3597297032,2025-11-22 14:08:20,5861
3599597476,2025-11-22 14:12:19,2845
3596640733,2025-11-22 14:12:19,8062
3597297032,2025-11-22 14:12:19,5861
3599597476,2025-11-22 14:21:32,2847
3597297032,2025-11-22 14:21:32,5863
3596640733,2025-11-22 14:21:32,8066
3596640733,2025-11-22 14:45:49,8068
3599597476,2025-11-22 14:45:49,2851
3597297032,2025-11-22 14:45:49,5864
3599597476,2025-11-22 14:55:28,2854
3596640733,2025-11-22 14:55:28,8069
3597297032,2025-11-22 14:55:28,5867
3596640733,2025-11-22 15:13:21,8073
3597297032,2025-11-22 15:13:21,5870
3599597476,2025-11-22 15:13:21,2856
3596640733,2025-11-22 15:29:14,8076
3597297032,2025-11-22 15:29:14,5870
3599597476,2025-11-22 15:29:14,2858
3597297032,2025-11-22 15:38:30,5871
3599597476,2025-11-22 15:38:30,2861
3596640733,2025-11-22 15:38:30,8078
3596640733,2025-11-22 15:46:47,8079
3599597476,2025-11-22 15:46:47,2861
3597297032,2025-11-22 15:46:47,5871
3597297032,2025-11-22 15:54:57,5871
3596640733,2025-11-22 15:54:57,8081
3599597476,2025-11-22 15:54:57,2863
3597297032,2025-11-22 16:17:49,5874
3599597476,2025-11-22 16:17:49,2866
3596640733,2025-11-22 16:17:49,8084
3597297032,2025-11-22 16:52:55,5877
3599597476,2025-11-22 16:52:55,2872
3596640733,2025-11-22 16:52:55,8085
3599597476,2025-11-22 17:18:24,2878
3597297032,2025-11-22 17:18:24,5879
3596640733,2025-11-22 17:18:24,8089
3597297032,2025-11-22 17:38:04,5881
3599597476,2025-11-22 17:38:04,2880
3596640733,2025-11-22 17:38:04,8092
3599597476,2025-11-22 17:50:33,2884
3596640733,2025-11-22 17:50:33,8094
3597297032,2025-11-22 17:50:33,5881
3599597476,2025-11-22 18:18:57,2888
3596640733,2025-11-22 18:18:57,8096
3597297032,2025-11-22 18:18:57,5882
3596640733,2025-11-22 18:39:51,8097
3597297032,2025-11-22 18:39:51,5881
3599597476,2025-11-22 18:39:51,2889
3597297032,2025-11-22 18:50:43,5884
3599597476,2025-11-22 18:50:43,2894
3596640733,2025-11-22 18:50:43,8098
3597297032,2025-11-22 19:14:11,5883
3599597476,2025-11-22 19:14:11,2902
3596640733,2025-11-22 19:14:11,8098
3599597476,2025-11-22 19:26:35,2908
3597297032,2025-11-22 19:26:35,5884
3596640733,2025-11-22 19:26:35,8099
3599597476,2025-11-22 19:38:25,2910
3597297032,2025-11-22 19:38:25,5886
3596640733,2025-11-22 19:38:25,8099
3597297032,2025-11-22 19:50:19,5887
3596640733,2025-11-22 19:50:19,8101
3599597476,2025-11-22 19:50:19,2912
3597297032,2025-11-22 20:35:14,5890
3599597476,2025-11-22 20:35:14,2923
3596640733,2025-11-22 20:35:14,8109
3596640733,2025-11-22 21:05:08,8108
3597297032,2025-11-22 21:05:08,5893
3599597476,2025-11-22 21:05:08,2932
3599597476,2025-11-22 21:32:32,2936
3596640733,2025-11-22 21:32:32,8107
3597297032,2025-11-22 21:32:32,5895
3597297032,2025-11-22 21:50:40,5898
3599597476,2025-11-22 21:50:40,2945
3596640733,2025-11-22 21:50:40,8103
3597297032,2025-11-22 22:16:28,5900
3596640733,2025-11-22 22:16:28,8107
3599597476,2025-11-22 22:16:28,2957
3599597476,2025-11-22 22:38:49,2961
3597297032,2025-11-22 22:38:49,5900
3596640733,2025-11-22 22:38:49,8107
3597297032,2025-11-22 22:50:55,5902
3596640733,2025-11-22 22:50:55,8109
3599597476,2025-11-22 22:50:55,2964
3596640733,2025-11-22 23:17:44,8111
3599597476,2025-11-22 23:17:44,2974
3597297032,2025-11-22 23:17:44,5902
3596640733,2025-11-22 23:37:57,8111
3599597476,2025-11-22 23:37:57,2975
3597297032,2025-11-22 23:37:57,5900
3599597476,2025-11-22 23:50:39,2980
3597297032,2025-11-22 23:50:39,5900
3596640733,2025-11-22 23:50:39,8115
3597297032,2025-11-23 01:20:54,5901
3596640733,2025-11-23 01:20:54,8127
3599597476,2025-11-23 01:20:54,2989
3599597476,2025-11-23 02:34:34,2998
3597297032,2025-11-23 02:34:34,5902
3596640733,2025-11-23 02:34:34,8128
3597297032,2025-11-23 03:19:36,5902
3596640733,2025-11-23 03:19:36,8130
3599597476,2025-11-23 03:19:36,3000
3596640733,2025-11-23 04:27:20,8131
3599597476,2025-11-23 04:27:20,3001
3597297032,2025-11-23 04:27:20,5903
3599597476,2025-11-23 05:22:20,3002
3597297032,2025-11-23 05:22:20,5903
3596640733,2025-11-23 05:22:20,8132
3597297032,2025-11-23 06:24:29,5902
3599597476,2025-11-23 06:24:29,3003
3596640733,2025-11-23 06:24:29,8132
3597297032,2025-11-23 07:24:05,5903
3599597476,2025-11-23 07:24:05,3005
3596640733,2025-11-23 07:24:05,8134
3596640733,2025-11-23 10:21:20,8137
3597297032,2025-11-23 10:21:20,5901
3599597476,2025-11-23 10:21:20,3019
3599597476,2025-11-23 11:59:47,3034
3596640733,2025-11-23 11:59:47,8151
3597297032,2025-11-23 11:59:47,5905
3596640733,2025-11-23 12:40:24,8156
3597297032,2025-11-23 12:40:24,5907
3599597476,2025-11-23 12:40:24,3040
3596640733,2025-11-23 13:26:11,8168
3597297032,2025-11-23 13:26:11,5910
3599597476,2025-11-23 13:26:11,3043
3596640733,2025-11-23 14:36:45,8175
3597297032,2025-11-23 14:36:45,5913
3599597476,2025-11-23 14:36:45,3053
3599597476,2025-11-23 15:24:06,3057
3596640733,2025-11-23 15:24:06,8171
3597297032,2025-11-23 15:24:06,5909
3599597476,2025-11-23 16:32:05,3067
3596640733,2025-11-23 16:32:05,8181
3597297032,2025-11-23 16:32:05,5913
3599597476,2025-11-23 17:25:05,3082
3596640733,2025-11-23 17:25:05,8184
3597297032,2025-11-23 17:25:05,5914
3596640733,2025-11-23 18:25:38,8187
3597297032,2025-11-23 18:25:38,5919
3599597476,2025-11-23 18:25:38,3088
3599597476,2025-11-23 19:20:07,3093
3596640733,2025-11-23 19:20:07,8194
3597297032,2025-11-23 19:20:07,5927
3597297032,2025-11-23 20:46:45,5931
3599597476,2025-11-23 20:46:45,3107
3596640733,2025-11-23 20:46:45,8210
3597297032,2025-11-23 21:28:04,5932
3599597476,2025-11-23 21:28:04,3110
3596640733,2025-11-23 21:28:04,8213
3597297032,2025-11-23 22:22:08,5938
3599597476,2025-11-23 22:22:08,3117
3596640733,2025-11-23 22:22:08,8219
3599597476,2025-11-23 23:23:33,3124
3596640733,2025-11-23 23:23:33,8222
3597297032,2025-11-23 23:23:33,5936
3596640733,2025-11-24 00:30:01,8222
3597297032,2025-11-24 00:30:01,5934
3599597476,2025-11-24 00:30:01,3128
3597297032,2025-11-24 01:21:21,5934
3599597476,2025-11-24 01:21:21,3130
3596640733,2025-11-24 01:21:21,8221
3597297032,2025-11-24 02:34:49,5933
3596640733,2025-11-24 02:34:49,8220
3599597476,2025-11-24 02:34:49,3133
3599597476,2025-11-24 03:20:02,3134
3597297032,2025-11-24 03:20:02,5933
3596640733,2025-11-24 03:20:02,8221
3597297032,2025-11-24 04:28:31,5935
3599597476,2025-11-24 04:28:31,3133
3596640733,2025-11-24 04:28:31,8223
3597297032,2025-11-24 05:22:39,5936
3596640733,2025-11-24 05:22:39,8225
3599597476,2025-11-24 05:22:39,3135
3596640733,2025-11-24 06:24:41,8226
3599597476,2025-11-24 06:24:41,3136
3597297032,2025-11-24 06:24:41,5936
3599597476,2025-11-24 07:23:42,3137
3597297032,2025-11-24 07:23:42,5936
3596640733,2025-11-24 07:23:42,8226
3597297032,2025-11-24 10:09:30,5934
3599597476,2025-11-24 10:09:30,3141
3596640733,2025-11-24 10:09:30,8229
3599597476,2025-11-24 11:59:17,3145
3597297032,2025-11-24 11:59:17,5936
3596640733,2025-11-24 11:59:17,8235
3599597476,2025-11-24 12:41:42,3147
3596640733,2025-11-24 12:41:42,8237
3597297032,2025-11-24 12:41:42,5940
3597297032,2025-11-24 13:28:41,5942
3599597476,2025-11-24 13:28:41,3152
3596640733,2025-11-24 13:28:41,8238
3597297032,2025-11-24 14:39:51,5942
3599597476,2025-11-24 14:39:51,3160
3596640733,2025-11-24 14:39:51,8242
3597297032,2025-11-24 15:26:13,5943
3599597476,2025-11-24 15:26:13,3163
3596640733,2025-11-24 15:26:13,8245
3599597476,2025-11-24 16:37:31,3170
3596640733,2025-11-24 16:37:31,8249
3597297032,2025-11-24 16:37:31,5945
3597297032,2025-11-24 17:32:58,5945
3599597476,2025-11-24 17:32:58,3170
3596640733,2025-11-24 17:32:58,8250
3596640733,2025-11-24 18:30:51,8254
3597297032,2025-11-24 18:30:51,5944
3599597476,2025-11-24 18:30:51,3173
3596640733,2025-11-24 19:23:54,8259
3599597476,2025-11-24 19:23:54,3181
3597297032,2025-11-24 19:23:54,5946
3596640733,2025-11-24 20:56:40,8271
3597297032,2025-11-24 20:56:40,5950
3599597476,2025-11-24 20:56:40,3189
3596640733,2025-11-24 21:30:19,8277
3597297032,2025-11-24 21:30:19,5951
3599597476,2025-11-24 21:30:19,3194
3596640733,2025-11-24 21:39:01,8278
3597297032,2025-11-24 21:39:01,5949
3599597476,2025-11-24 21:39:01,3195
3596640733,2025-11-24 22:27:46,8286
3597297032,2025-11-24 22:27:46,5957
3599597476,2025-11-24 22:27:46,3201
3596640733,2025-11-24 23:30:45,8290
3597297032,2025-11-24 23:30:45,5960
3599597476,2025-11-24 23:30:45,3208
3596640733,2025-11-25 00:30:24,8289
3597297032,2025-11-25 00:30:24,5961
3599597476,2025-11-25 00:30:24,3212
3596640733,2025-11-25 01:25:46,8293
3597297032,2025-11-25 01:25:46,5962
3599597476,2025-11-25 01:25:46,3213
3596640733,2025-11-25 02:38:58,8293
3597297032,2025-11-25 02:38:58,5963
3599597476,2025-11-25 02:38:58,3214
3596640733,2025-11-25 03:19:26,8291
3597297032,2025-11-25 03:19:26,5964
3599597476,2025-11-25 03:19:26,3214
3596640733,2025-11-25 04:29:42,8294
3597297032,2025-11-25 04:29:42,5965
3599597476,2025-11-25 04:29:42,3214
3596640733,2025-11-25 05:25:36,8295
3597297032,2025-11-25 05:25:36,5964
3599597476,2025-11-25 05:25:36,3214
3596640733,2025-11-25 06:25:21,8294
3597297032,2025-11-25 06:25:21,5964
3599597476,2025-11-25 06:25:21,3214
3596640733,2025-11-25 07:24:41,8294
3597297032,2025-11-25 07:24:41,5962
3599597476,2025-11-25 07:24:41,3215
3596640733,2025-11-25 10:02:39,8297
3597297032,2025-11-25 10:02:39,5963
3599597476,2025-11-25 10:02:39,3215
3596640733,2025-11-25 11:51:34,8301
3597297032,2025-11-25 11:51:34,5965
3599597476,2025-11-25 11:51:34,3219
3596640733,2025-11-25 12:32:37,8302
3597297032,2025-11-25 12:32:37,5965
3599597476,2025-11-25 12:32:37,3221
